{
    "$schema": "https://schema.management.azure.com/schemas/2019-04-01/deploymentTemplate.json#",
    "contentVersion": "1.0.0.0",
    "parameters": {
        "sites_DanFlippoStarSnow_name": {
            "defaultValue": "DanFlippoStarSnow",
            "type": "String"
        },
        "serverfarms_EastUSPlan_externalid": {
            "defaultValue": "/subscriptions/8a976817-d61e-4949-8450-f06c5f74a0c3/resourceGroups/ps-rg-dflippo/providers/Microsoft.Web/serverfarms/EastUSPlan",
            "type": "String"
        }
    },
    "variables": {},
    "resources": [
        {
            "type": "Microsoft.Web/sites",
            "apiVersion": "2022-03-01",
            "name": "[parameters('sites_DanFlippoStarSnow_name')]",
            "location": "East US",
            "kind": "functionapp",
            "properties": {
                "enabled": true,
                "hostNameSslStates": [
                    {
                        "name": "danflippostarsnow.azurewebsites.net",
                        "sslState": "Disabled",
                        "hostType": "Standard"
                    },
                    {
                        "name": "danflippostarsnow.scm.azurewebsites.net",
                        "sslState": "Disabled",
                        "hostType": "Repository"
                    }
                ],
                "serverFarmId": "[parameters('serverfarms_EastUSPlan_externalid')]",
                "reserved": false,
                "isXenon": false,
                "hyperV": false,
                "vnetRouteAllEnabled": false,
                "siteConfig": {
                    "numberOfWorkers": 1,
                    "acrUseManagedIdentityCreds": false,
                    "alwaysOn": false,
                    "http20Enabled": false,
                    "functionAppScaleLimit": 200,
                    "minimumElasticInstanceCount": 0
                },
                "scmSiteAlsoStopped": false,
                "clientAffinityEnabled": false,
                "clientCertEnabled": false,
                "clientCertMode": "Required",
                "hostNamesDisabled": false,
                "customDomainVerificationId": "6D3A4194456BA9BB6818E6FADB4CF26C1DA4E7D97405AE1D0EDB9B3731B3DDB9",
                "containerSize": 1536,
                "dailyMemoryTimeQuota": 0,
                "httpsOnly": false,
                "redundancyMode": "None",
                "storageAccountRequired": false,
                "keyVaultReferenceIdentity": "SystemAssigned"
            }
        },
        {
            "type": "Microsoft.Web/sites/basicPublishingCredentialsPolicies",
            "apiVersion": "2022-03-01",
            "name": "[concat(parameters('sites_DanFlippoStarSnow_name'), '/ftp')]",
            "location": "East US",
            "dependsOn": [
                "[resourceId('Microsoft.Web/sites', parameters('sites_DanFlippoStarSnow_name'))]"
            ],
            "properties": {
                "allow": true
            }
        },
        {
            "type": "Microsoft.Web/sites/basicPublishingCredentialsPolicies",
            "apiVersion": "2022-03-01",
            "name": "[concat(parameters('sites_DanFlippoStarSnow_name'), '/scm')]",
            "location": "East US",
            "dependsOn": [
                "[resourceId('Microsoft.Web/sites', parameters('sites_DanFlippoStarSnow_name'))]"
            ],
            "properties": {
                "allow": true
            }
        },
        {
            "type": "Microsoft.Web/sites/config",
            "apiVersion": "2022-03-01",
            "name": "[concat(parameters('sites_DanFlippoStarSnow_name'), '/web')]",
            "location": "East US",
            "dependsOn": [
                "[resourceId('Microsoft.Web/sites', parameters('sites_DanFlippoStarSnow_name'))]"
            ],
            "properties": {
                "numberOfWorkers": 1,
                "defaultDocuments": [
                    "Default.htm",
                    "Default.html",
                    "Default.asp",
                    "index.htm",
                    "index.html",
                    "iisstart.htm",
                    "default.aspx",
                    "index.php"
                ],
                "netFrameworkVersion": "v4.0",
                "requestTracingEnabled": false,
                "remoteDebuggingEnabled": false,
                "httpLoggingEnabled": false,
                "acrUseManagedIdentityCreds": false,
                "logsDirectorySizeLimit": 35,
                "detailedErrorLoggingEnabled": false,
                "publishingUsername": "$DanFlippoStarSnow",
                "scmType": "None",
                "use32BitWorkerProcess": true,
                "webSocketsEnabled": false,
                "alwaysOn": false,
                "managedPipelineMode": "Integrated",
                "virtualApplications": [
                    {
                        "virtualPath": "/",
                        "physicalPath": "site\\wwwroot",
                        "preloadEnabled": false
                    }
                ],
                "loadBalancing": "LeastRequests",
                "experiments": {
                    "rampUpRules": []
                },
                "autoHealEnabled": false,
                "vnetRouteAllEnabled": false,
                "vnetPrivatePortsCount": 0,
                "localMySqlEnabled": false,
                "ipSecurityRestrictions": [
                    {
                        "ipAddress": "Any",
                        "action": "Allow",
                        "priority": 1,
                        "name": "Allow all",
                        "description": "Allow all access"
                    }
                ],
                "scmIpSecurityRestrictions": [
                    {
                        "ipAddress": "Any",
                        "action": "Allow",
                        "priority": 1,
                        "name": "Allow all",
                        "description": "Allow all access"
                    }
                ],
                "scmIpSecurityRestrictionsUseMain": false,
                "http20Enabled": false,
                "minTlsVersion": "1.2",
                "scmMinTlsVersion": "1.2",
                "ftpsState": "AllAllowed",
                "preWarmedInstanceCount": 0,
                "functionAppScaleLimit": 200,
                "functionsRuntimeScaleMonitoringEnabled": false,
                "minimumElasticInstanceCount": 0,
                "azureStorageAccounts": {}
            }
        },
        {
            "type": "Microsoft.Web/sites/functions",
            "apiVersion": "2022-03-01",
            "name": "[concat(parameters('sites_DanFlippoStarSnow_name'), '/echo')]",
            "location": "East US",
            "dependsOn": [
                "[resourceId('Microsoft.Web/sites', parameters('sites_DanFlippoStarSnow_name'))]"
            ],
            "properties": {
                "script_root_path_href": "https://danflippostarsnow.azurewebsites.net/admin/vfs/site/wwwroot/echo/",
                "script_href": "https://danflippostarsnow.azurewebsites.net/admin/vfs/site/wwwroot/echo/index.js",
                "config_href": "https://danflippostarsnow.azurewebsites.net/admin/vfs/site/wwwroot/echo/function.json",
                "test_data_href": "https://danflippostarsnow.azurewebsites.net/admin/vfs/data/Functions/sampledata/echo.dat",
                "href": "https://danflippostarsnow.azurewebsites.net/admin/functions/echo",
                "config": {},
                "invoke_url_template": "https://danflippostarsnow.azurewebsites.net/api/echo",
                "language": "node",
                "isDisabled": true
            }
        },
        {
            "type": "Microsoft.Web/sites/functions",
            "apiVersion": "2022-03-01",
            "name": "[concat(parameters('sites_DanFlippoStarSnow_name'), '/starSnowRequest')]",
            "location": "East US",
            "dependsOn": [
                "[resourceId('Microsoft.Web/sites', parameters('sites_DanFlippoStarSnow_name'))]"
            ],
            "properties": {
                "script_root_path_href": "https://danflippostarsnow.azurewebsites.net/admin/vfs/site/wwwroot/starSnowRequest/",
                "script_href": "https://danflippostarsnow.azurewebsites.net/admin/vfs/site/wwwroot/starSnowRequest/index.js",
                "config_href": "https://danflippostarsnow.azurewebsites.net/admin/vfs/site/wwwroot/starSnowRequest/function.json",
                "test_data_href": "https://danflippostarsnow.azurewebsites.net/admin/vfs/data/Functions/sampledata/starSnowRequest.dat",
                "href": "https://danflippostarsnow.azurewebsites.net/admin/functions/starSnowRequest",
                "config": {},
                "test_data": "{\"method\":\"post\",\"queryStringParams\":[],\"headers\":[],\"body\":\"{\\\"data\\\": [\\n  [0, \\\"https://google.com/\\\"],\\n  [1, \\\"https://cnn.com/\\\"]\\n]\\n}\"}",
                "invoke_url_template": "https://danflippostarsnow.azurewebsites.net/api/starsnowrequest",
                "language": "node",
                "isDisabled": false
            }
        },
        {
            "type": "Microsoft.Web/sites/functions",
            "apiVersion": "2022-03-01",
            "name": "[concat(parameters('sites_DanFlippoStarSnow_name'), '/starsnowRequestGet')]",
            "location": "East US",
            "dependsOn": [
                "[resourceId('Microsoft.Web/sites', parameters('sites_DanFlippoStarSnow_name'))]"
            ],
            "properties": {
                "script_root_path_href": "https://danflippostarsnow.azurewebsites.net/admin/vfs/site/wwwroot/starsnowRequestGet/",
                "script_href": "https://danflippostarsnow.azurewebsites.net/admin/vfs/site/wwwroot/starsnowRequestGet/index.js",
                "config_href": "https://danflippostarsnow.azurewebsites.net/admin/vfs/site/wwwroot/starsnowRequestGet/function.json",
                "test_data_href": "https://danflippostarsnow.azurewebsites.net/admin/vfs/data/Functions/sampledata/starsnowRequestGet.dat",
                "href": "https://danflippostarsnow.azurewebsites.net/admin/functions/starsnowRequestGet",
                "config": {},
                "test_data": "{\"method\":\"post\",\"queryStringParams\":[],\"headers\":[],\"body\":\"{\\\"data\\\": [\\n  [0, \\\"https://google.com/\\\"],\\n  [1, \\\"https://cnn.com/\\\"]\\n]\\n}\"}",
                "invoke_url_template": "https://danflippostarsnow.azurewebsites.net/api/starsnowrequestget",
                "language": "node",
                "isDisabled": false
            }
        },
        {
            "type": "Microsoft.Web/sites/hostNameBindings",
            "apiVersion": "2022-03-01",
            "name": "[concat(parameters('sites_DanFlippoStarSnow_name'), '/', parameters('sites_DanFlippoStarSnow_name'), '.azurewebsites.net')]",
            "location": "East US",
            "dependsOn": [
                "[resourceId('Microsoft.Web/sites', parameters('sites_DanFlippoStarSnow_name'))]"
            ],
            "properties": {
                "siteName": "DanFlippoStarSnow",
                "hostNameType": "Verified"
            }
        }
    ]
}